path,size,md5,sha1,sha256
/tmp/ifconfig,2539092,dfd7b7da276469df066194bf352c212e,bfc9c47b46df48bb89ecd70b5d28e8270168c18a,b386c4a925ca3cb67aa6d038bc5457394e44786103818f9f9e0ecb6a6fd55d62
/root/ifconfig,2541420,34c86917aeb1155eb91d31919d3bdfa2,7cca4a1d3c2af2c0bcfd80321a932d6f29fff407,46527b2abe598797d9267c471db0cb3e81c708b6543a57e59d8372a2e06c922f
/tmp/apache2,2538908,9269f693c2668177ff23034468d82e87,e972fce2f95b7ece2d1222eecdc0f7de7d436d04,e45ad9247994483b5be06c404687c93e4395038799e1cd6230545b2f50728d8e
/var/tmp/apache2,2538908,9269f693c2668177ff23034468d82e87,e972fce2f95b7ece2d1222eecdc0f7de7d436d04,e45ad9247994483b5be06c404687c93e4395038799e1cd6230545b2f50728d8e
/etc/apache2,2539084,1d78c04d1301d726a94840bf4efcca66,5aaa6ba21abb669666360381981881bdb01fd745,4eac1d9da3295bb51f009ee12836446b71554a2c8f326fc0f328ed47e1b01433
/root/apache2,2541420,34c86917aeb1155eb91d31919d3bdfa2,7cca4a1d3c2af2c0bcfd80321a932d6f29fff407,46527b2abe598797d9267c471db0cb3e81c708b6543a57e59d8372a2e06c922f
/tmp/apache2,2541420,34c86917aeb1155eb91d31919d3bdfa2,7cca4a1d3c2af2c0bcfd80321a932d6f29fff407,46527b2abe598797d9267c471db0cb3e81c708b6543a57e59d8372a2e06c922f
/root/php-fpm,2549516,734ec0f7f7097f5df2a26e5258d380d1,d1a7e845f23c8fc50d4bea26fb11dc0fdac601a9,5a9ee9e8b55ce7921538ed66ee47a086847b7822f1a1e10c259d15263df46666
/tmp/ifconfig,2548104,2f3ad38c0cc83cb6b2681d75bac6b358,2c00e3cd1fb43d2b3706ec522862a9752178055b,0b4529d6de10ea0db0af11587594b38e636411711c2c15ac0fd1764ac913de64
/root/apache2,2548484,574d84fa0fc1b7be0f0b22768308d176,bc39349822910b2fcc0af83b5368d62636bba4de,46ccca2ef167df57147ed8197caf0ec0bdafd0466ff1a99b8258e93a1b8b40d3
/tmp/apache2,2544648,44ac72be1b4b95463bdffdbaa7a23e38,ed432dc550978e2c5664b2def5a67bb5ecd342c1,0a98b9770224d952eb964baf56bab63317519481db41995149109efaa9059771
/root/apache2,2548212,5c495e9a407b2551fec34c8b6f127ab3,d43ae6ccc8e588f37a0e197e49940c792e0f65ec,585b5185bd49ce9336588a323d1e8401dec1b33ffa8839d3e3a90e1a54cfb9d6
/var/tmp/ifconfig,2548692,9d6cc67ace2cf0729108e3cfaeff42db,0cb786f9fde41952659b64d0e6cc80aa767ef8be,3c58d0a51b84a3eba69a4e9297a655a5bdaf729ae9fd9b740177e5713614f67e
/etc/apache2,2541420,34c86917aeb1155eb91d31919d3bdfa2,7cca4a1d3c2af2c0bcfd80321a932d6f29fff407,46527b2abe598797d9267c471db0cb3e81c708b6543a57e59d8372a2e06c922f
/root/apache2,2548624,fa50b079bc85ee06a301342dc53b5c8f,cb4e5185b66393ab043a49bbeea8061ea0ba9826,786d4b7fe213725ec3202d12fbafb05e4a0b6a8d30d2e6f309597566559a1666
/tmp/ifconfig,2539084,1d78c04d1301d726a94840bf4efcca66,5aaa6ba21abb669666360381981881bdb01fd745,4eac1d9da3295bb51f009ee12836446b71554a2c8f326fc0f328ed47e1b01433
/etc/ifconfig,2548484,574d84fa0fc1b7be0f0b22768308d176,bc39349822910b2fcc0af83b5368d62636bba4de,46ccca2ef167df57147ed8197caf0ec0bdafd0466ff1a99b8258e93a1b8b40d3
/root/apache2,2548692,9d6cc67ace2cf0729108e3cfaeff42db,0cb786f9fde41952659b64d0e6cc80aa767ef8be,3c58d0a51b84a3eba69a4e9297a655a5bdaf729ae9fd9b740177e5713614f67e
/tmp/php-fpm,2544648,44ac72be1b4b95463bdffdbaa7a23e38,ed432dc550978e2c5664b2def5a67bb5ecd342c1,0a98b9770224d952eb964baf56bab63317519481db41995149109efaa9059771
/tmp/php-fpm,2533376,09829d1f507d284f1447011e41edb223,2533d4cfc1e0497a99f078d9145e1fa350b62337,a36b06343c0d4209333414cbfd61a22ae44555c1bfc934ef6e27b83a1edd0434
/var/tmp/ifconfig,2544936,db0fbd1688017159decf4562d6744808,f3da6273a91568538199fc84088d34cfdff794c1,09a7585a82c6f78f48dee1fc29b659e655aa59216ce287a602a044b082fc64c4
/root/ifconfig,2548692,9d6cc67ace2cf0729108e3cfaeff42db,0cb786f9fde41952659b64d0e6cc80aa767ef8be,3c58d0a51b84a3eba69a4e9297a655a5bdaf729ae9fd9b740177e5713614f67e
/root/ifconfig,2549516,734ec0f7f7097f5df2a26e5258d380d1,d1a7e845f23c8fc50d4bea26fb11dc0fdac601a9,5a9ee9e8b55ce7921538ed66ee47a086847b7822f1a1e10c259d15263df46666
/tmp/ifconfig,2533376,09829d1f507d284f1447011e41edb223,2533d4cfc1e0497a99f078d9145e1fa350b62337,a36b06343c0d4209333414cbfd61a22ae44555c1bfc934ef6e27b83a1edd0434
/var/tmp/ifconfig,2352700,4d3d55457f69e587b585bfa3891602fa,b0e7accbdc82028eb9709606b543d155e3bb9efa,d2251383cfc9b5d3fc53e24d8a20a620f7dfcc7bdfdfb20cc088506e2bbc16e2
/tmp/ifconfig,2541420,34c86917aeb1155eb91d31919d3bdfa2,7cca4a1d3c2af2c0bcfd80321a932d6f29fff407,46527b2abe598797d9267c471db0cb3e81c708b6543a57e59d8372a2e06c922f
/tmp/apache2,2547160,95071466fc34061db56860331d9b0fb2,5e7f98bdc23779a86c4dfed3fa041b801b89594a,e50d1097286400479d4308a50ccb0b231165810d2008e0b1dc44c5e8b2741444
/root/ifconfig,2548484,574d84fa0fc1b7be0f0b22768308d176,bc39349822910b2fcc0af83b5368d62636bba4de,46ccca2ef167df57147ed8197caf0ec0bdafd0466ff1a99b8258e93a1b8b40d3
/root/apache2,2544936,db0fbd1688017159decf4562d6744808,f3da6273a91568538199fc84088d34cfdff794c1,09a7585a82c6f78f48dee1fc29b659e655aa59216ce287a602a044b082fc64c4
/var/tmp/ifconfig,2547160,95071466fc34061db56860331d9b0fb2,5e7f98bdc23779a86c4dfed3fa041b801b89594a,e50d1097286400479d4308a50ccb0b231165810d2008e0b1dc44c5e8b2741444
/root/ifconfig,2548104,2f3ad38c0cc83cb6b2681d75bac6b358,2c00e3cd1fb43d2b3706ec522862a9752178055b,0b4529d6de10ea0db0af11587594b38e636411711c2c15ac0fd1764ac913de64
/root/php-fpm,2538908,9269f693c2668177ff23034468d82e87,e972fce2f95b7ece2d1222eecdc0f7de7d436d04,e45ad9247994483b5be06c404687c93e4395038799e1cd6230545b2f50728d8e
/root/ifconfig,2548212,5c495e9a407b2551fec34c8b6f127ab3,d43ae6ccc8e588f37a0e197e49940c792e0f65ec,585b5185bd49ce9336588a323d1e8401dec1b33ffa8839d3e3a90e1a54cfb9d6
/root/apache2,2539404,2cd3c5ae955692757ff694a40f482e72,0c01afaa083d6a9b681882dc88fdbab470e52c0e,2d2e58c055b3cf6bde60acda7fbd3cbd18ff7d138226d0dd7843bd575d1abac8
/tmp/ifconfig,2544640,951c77d775da247a2b512806918c2702,28a6ce69ca0a1b1f39165744295ef66dc185c3ec,bb794640a5257162d8036ad2d8bb80d56bdaf60e365aa325e5e4b0cffc61f66a
/tmp/apache2,2549516,734ec0f7f7097f5df2a26e5258d380d1,d1a7e845f23c8fc50d4bea26fb11dc0fdac601a9,5a9ee9e8b55ce7921538ed66ee47a086847b7822f1a1e10c259d15263df46666
/var/tmp/php-fpm,2548484,574d84fa0fc1b7be0f0b22768308d176,bc39349822910b2fcc0af83b5368d62636bba4de,46ccca2ef167df57147ed8197caf0ec0bdafd0466ff1a99b8258e93a1b8b40d3
/root/ifconfig,2293760,ba422031d849ce6f1442bb6d4f72c748,ae9bc2d625df4c5544f1e63957622e196a95d394,8c6b7cdfdf7c106c0589c116df87405cf4b89ada0b8854ed13d42c7c41539733
/var/tmp/ifconfig,2538908,9269f693c2668177ff23034468d82e87,e972fce2f95b7ece2d1222eecdc0f7de7d436d04,e45ad9247994483b5be06c404687c93e4395038799e1cd6230545b2f50728d8e
/var/tmp/apache2,2544648,44ac72be1b4b95463bdffdbaa7a23e38,ed432dc550978e2c5664b2def5a67bb5ecd342c1,0a98b9770224d952eb964baf56bab63317519481db41995149109efaa9059771
/var/tmp/ifconfig,2541420,34c86917aeb1155eb91d31919d3bdfa2,7cca4a1d3c2af2c0bcfd80321a932d6f29fff407,46527b2abe598797d9267c471db0cb3e81c708b6543a57e59d8372a2e06c922f
/etc/apache2,2548692,9d6cc67ace2cf0729108e3cfaeff42db,0cb786f9fde41952659b64d0e6cc80aa767ef8be,3c58d0a51b84a3eba69a4e9297a655a5bdaf729ae9fd9b740177e5713614f67e
/var/tmp/ifconfig,2366612,7e9369a079525bf4bcbfafe7f7d2c7ac,40ab79a131ff70cb9e0cdbe8e8559d227a1ef0af,ff9c3275699b3e26f632b761e861b9ea8924c814b87faec650e0015bdd815cba
/tmp/ifconfig,2539404,2cd3c5ae955692757ff694a40f482e72,0c01afaa083d6a9b681882dc88fdbab470e52c0e,2d2e58c055b3cf6bde60acda7fbd3cbd18ff7d138226d0dd7843bd575d1abac8
/var/tmp/ifconfig,2548212,5c495e9a407b2551fec34c8b6f127ab3,d43ae6ccc8e588f37a0e197e49940c792e0f65ec,585b5185bd49ce9336588a323d1e8401dec1b33ffa8839d3e3a90e1a54cfb9d6
/tmp/apache2,2544640,951c77d775da247a2b512806918c2702,28a6ce69ca0a1b1f39165744295ef66dc185c3ec,bb794640a5257162d8036ad2d8bb80d56bdaf60e365aa325e5e4b0cffc61f66a
/var/tmp/apache2,2548104,2f3ad38c0cc83cb6b2681d75bac6b358,2c00e3cd1fb43d2b3706ec522862a9752178055b,0b4529d6de10ea0db0af11587594b38e636411711c2c15ac0fd1764ac913de64
/root/ifconfig,2366612,7e9369a079525bf4bcbfafe7f7d2c7ac,40ab79a131ff70cb9e0cdbe8e8559d227a1ef0af,ff9c3275699b3e26f632b761e861b9ea8924c814b87faec650e0015bdd815cba
/root/ifconfig,2344300,148db24bb80d9e1035570805fea13652,59b3913a6571fcbdd68fd32016017cbb66714c57,9395bd3c0249e2cae91f6ac08ff0c9e8ee171316a55b7fddffe90877162f0a64
/root/apache2,2544640,951c77d775da247a2b512806918c2702,28a6ce69ca0a1b1f39165744295ef66dc185c3ec,bb794640a5257162d8036ad2d8bb80d56bdaf60e365aa325e5e4b0cffc61f66a
/root/ifconfig,2544760,95d0095e0b1684ff130c04004394073c,d4d2434d69b42499441da3c98fbc4f5393299086,9a609c04a4cab3679a4590fcabbb522f268e177389393a5bd32d4cacd7c1c368
/etc/ifconfig,2549516,734ec0f7f7097f5df2a26e5258d380d1,d1a7e845f23c8fc50d4bea26fb11dc0fdac601a9,5a9ee9e8b55ce7921538ed66ee47a086847b7822f1a1e10c259d15263df46666
/root/ifconfig,2352700,4d3d55457f69e587b585bfa3891602fa,b0e7accbdc82028eb9709606b543d155e3bb9efa,d2251383cfc9b5d3fc53e24d8a20a620f7dfcc7bdfdfb20cc088506e2bbc16e2
/etc/apache2,2539092,dfd7b7da276469df066194bf352c212e,bfc9c47b46df48bb89ecd70b5d28e8270168c18a,b386c4a925ca3cb67aa6d038bc5457394e44786103818f9f9e0ecb6a6fd55d62
/root/php-fpm,2544648,44ac72be1b4b95463bdffdbaa7a23e38,ed432dc550978e2c5664b2def5a67bb5ecd342c1,0a98b9770224d952eb964baf56bab63317519481db41995149109efaa9059771
/tmp/apache2,2548212,5c495e9a407b2551fec34c8b6f127ab3,d43ae6ccc8e588f37a0e197e49940c792e0f65ec,585b5185bd49ce9336588a323d1e8401dec1b33ffa8839d3e3a90e1a54cfb9d6
/root/apache2,2544760,95d0095e0b1684ff130c04004394073c,d4d2434d69b42499441da3c98fbc4f5393299086,9a609c04a4cab3679a4590fcabbb522f268e177389393a5bd32d4cacd7c1c368
/root/ifconfig,2162688,a7a003cde88286f768e116edacd87f5f,3c3167d0dd518f34614192b73662bbca48397cc3,6a20c1548b60b0599c25890bddc7955f655f3766e5e39f7f0a57d95ec551a9d2
/var/tmp/apache2,2539084,1d78c04d1301d726a94840bf4efcca66,5aaa6ba21abb669666360381981881bdb01fd745,4eac1d9da3295bb51f009ee12836446b71554a2c8f326fc0f328ed47e1b01433
/etc/ifconfig,2352700,4d3d55457f69e587b585bfa3891602fa,b0e7accbdc82028eb9709606b543d155e3bb9efa,d2251383cfc9b5d3fc53e24d8a20a620f7dfcc7bdfdfb20cc088506e2bbc16e2
/etc/apache2,2548484,574d84fa0fc1b7be0f0b22768308d176,bc39349822910b2fcc0af83b5368d62636bba4de,46ccca2ef167df57147ed8197caf0ec0bdafd0466ff1a99b8258e93a1b8b40d3
/etc/apache2,2548104,2f3ad38c0cc83cb6b2681d75bac6b358,2c00e3cd1fb43d2b3706ec522862a9752178055b,0b4529d6de10ea0db0af11587594b38e636411711c2c15ac0fd1764ac913de64
/var/tmp/ifconfig,2548624,fa50b079bc85ee06a301342dc53b5c8f,cb4e5185b66393ab043a49bbeea8061ea0ba9826,786d4b7fe213725ec3202d12fbafb05e4a0b6a8d30d2e6f309597566559a1666
/root/ifconfig,2538908,9269f693c2668177ff23034468d82e87,e972fce2f95b7ece2d1222eecdc0f7de7d436d04,e45ad9247994483b5be06c404687c93e4395038799e1cd6230545b2f50728d8e
/tmp/ifconfig,2549516,734ec0f7f7097f5df2a26e5258d380d1,d1a7e845f23c8fc50d4bea26fb11dc0fdac601a9,5a9ee9e8b55ce7921538ed66ee47a086847b7822f1a1e10c259d15263df46666
/root/php-fpm,2548484,574d84fa0fc1b7be0f0b22768308d176,bc39349822910b2fcc0af83b5368d62636bba4de,46ccca2ef167df57147ed8197caf0ec0bdafd0466ff1a99b8258e93a1b8b40d3
/tmp/ifconfig,2544760,95d0095e0b1684ff130c04004394073c,d4d2434d69b42499441da3c98fbc4f5393299086,9a609c04a4cab3679a4590fcabbb522f268e177389393a5bd32d4cacd7c1c368
/tmp/apache2,2539084,1d78c04d1301d726a94840bf4efcca66,5aaa6ba21abb669666360381981881bdb01fd745,4eac1d9da3295bb51f009ee12836446b71554a2c8f326fc0f328ed47e1b01433
/etc/apache2,2544640,951c77d775da247a2b512806918c2702,28a6ce69ca0a1b1f39165744295ef66dc185c3ec,bb794640a5257162d8036ad2d8bb80d56bdaf60e365aa325e5e4b0cffc61f66a
/root/ifconfig,2544936,db0fbd1688017159decf4562d6744808,f3da6273a91568538199fc84088d34cfdff794c1,09a7585a82c6f78f48dee1fc29b659e655aa59216ce287a602a044b082fc64c4
/var/tmp/ifconfig,2533376,09829d1f507d284f1447011e41edb223,2533d4cfc1e0497a99f078d9145e1fa350b62337,a36b06343c0d4209333414cbfd61a22ae44555c1bfc934ef6e27b83a1edd0434
/tmp/apache2,2548104,2f3ad38c0cc83cb6b2681d75bac6b358,2c00e3cd1fb43d2b3706ec522862a9752178055b,0b4529d6de10ea0db0af11587594b38e636411711c2c15ac0fd1764ac913de64
/var/tmp/ifconfig,2548484,574d84fa0fc1b7be0f0b22768308d176,bc39349822910b2fcc0af83b5368d62636bba4de,46ccca2ef167df57147ed8197caf0ec0bdafd0466ff1a99b8258e93a1b8b40d3
/root/ifconfig,2533376,09829d1f507d284f1447011e41edb223,2533d4cfc1e0497a99f078d9145e1fa350b62337,a36b06343c0d4209333414cbfd61a22ae44555c1bfc934ef6e27b83a1edd0434
/etc/php-fpm,2548484,574d84fa0fc1b7be0f0b22768308d176,bc39349822910b2fcc0af83b5368d62636bba4de,46ccca2ef167df57147ed8197caf0ec0bdafd0466ff1a99b8258e93a1b8b40d3
/tmp/apache2,2548624,fa50b079bc85ee06a301342dc53b5c8f,cb4e5185b66393ab043a49bbeea8061ea0ba9826,786d4b7fe213725ec3202d12fbafb05e4a0b6a8d30d2e6f309597566559a1666
/etc/ifconfig,2548624,fa50b079bc85ee06a301342dc53b5c8f,cb4e5185b66393ab043a49bbeea8061ea0ba9826,786d4b7fe213725ec3202d12fbafb05e4a0b6a8d30d2e6f309597566559a1666
/root/ifconfig,2544640,951c77d775da247a2b512806918c2702,28a6ce69ca0a1b1f39165744295ef66dc185c3ec,bb794640a5257162d8036ad2d8bb80d56bdaf60e365aa325e5e4b0cffc61f66a
/tmp/ifconfig,2326528,2c5f39ecd4cd12dd9571b340b01e3978,88bbcccce6814d4a4710c75a2691bcf472fef78f,5ce054c877aab4a61658306d1497e234138c4b6d554e364b3232dc9f0e94f574
/var/tmp/php-fpm,2539084,1d78c04d1301d726a94840bf4efcca66,5aaa6ba21abb669666360381981881bdb01fd745,4eac1d9da3295bb51f009ee12836446b71554a2c8f326fc0f328ed47e1b01433
/var/tmp/ifconfig,2544760,95d0095e0b1684ff130c04004394073c,d4d2434d69b42499441da3c98fbc4f5393299086,9a609c04a4cab3679a4590fcabbb522f268e177389393a5bd32d4cacd7c1c368
/var/tmp/apache2,2533376,09829d1f507d284f1447011e41edb223,2533d4cfc1e0497a99f078d9145e1fa350b62337,a36b06343c0d4209333414cbfd61a22ae44555c1bfc934ef6e27b83a1edd0434
/var/tmp/ifconfig,2490368,321fefa4ade47cb32cab1a470d4603ff,06a02b41a35f0464adb89e78f843f5482a81c133,66536f4c498ca0c69966702350fdc51a12cfc8cc975d6e86772cc938bfbbb5c3
/root/ifconfig,2539092,dfd7b7da276469df066194bf352c212e,bfc9c47b46df48bb89ecd70b5d28e8270168c18a,b386c4a925ca3cb67aa6d038bc5457394e44786103818f9f9e0ecb6a6fd55d62
/etc/ifconfig,2539084,1d78c04d1301d726a94840bf4efcca66,5aaa6ba21abb669666360381981881bdb01fd745,4eac1d9da3295bb51f009ee12836446b71554a2c8f326fc0f328ed47e1b01433
/etc/ifconfig,2548212,5c495e9a407b2551fec34c8b6f127ab3,d43ae6ccc8e588f37a0e197e49940c792e0f65ec,585b5185bd49ce9336588a323d1e8401dec1b33ffa8839d3e3a90e1a54cfb9d6
/tmp/ifconfig,2366612,7e9369a079525bf4bcbfafe7f7d2c7ac,40ab79a131ff70cb9e0cdbe8e8559d227a1ef0af,ff9c3275699b3e26f632b761e861b9ea8924c814b87faec650e0015bdd815cba
/var/tmp/ifconfig,2539084,1d78c04d1301d726a94840bf4efcca66,5aaa6ba21abb669666360381981881bdb01fd745,4eac1d9da3295bb51f009ee12836446b71554a2c8f326fc0f328ed47e1b01433
/etc/apache2,2533376,09829d1f507d284f1447011e41edb223,2533d4cfc1e0497a99f078d9145e1fa350b62337,a36b06343c0d4209333414cbfd61a22ae44555c1bfc934ef6e27b83a1edd0434
/var/tmp/ifconfig,2539092,dfd7b7da276469df066194bf352c212e,bfc9c47b46df48bb89ecd70b5d28e8270168c18a,b386c4a925ca3cb67aa6d038bc5457394e44786103818f9f9e0ecb6a6fd55d62
/etc/apache2,2548624,fa50b079bc85ee06a301342dc53b5c8f,cb4e5185b66393ab043a49bbeea8061ea0ba9826,786d4b7fe213725ec3202d12fbafb05e4a0b6a8d30d2e6f309597566559a1666
/root/ifconfig,2539404,2cd3c5ae955692757ff694a40f482e72,0c01afaa083d6a9b681882dc88fdbab470e52c0e,2d2e58c055b3cf6bde60acda7fbd3cbd18ff7d138226d0dd7843bd575d1abac8
/tmp/php-fpm,2548692,9d6cc67ace2cf0729108e3cfaeff42db,0cb786f9fde41952659b64d0e6cc80aa767ef8be,3c58d0a51b84a3eba69a4e9297a655a5bdaf729ae9fd9b740177e5713614f67e
/var/tmp/ifconfig,2544640,951c77d775da247a2b512806918c2702,28a6ce69ca0a1b1f39165744295ef66dc185c3ec,bb794640a5257162d8036ad2d8bb80d56bdaf60e365aa325e5e4b0cffc61f66a
/etc/ifconfig,2548104,2f3ad38c0cc83cb6b2681d75bac6b358,2c00e3cd1fb43d2b3706ec522862a9752178055b,0b4529d6de10ea0db0af11587594b38e636411711c2c15ac0fd1764ac913de64
/var/tmp/ifconfig,2544648,44ac72be1b4b95463bdffdbaa7a23e38,ed432dc550978e2c5664b2def5a67bb5ecd342c1,0a98b9770224d952eb964baf56bab63317519481db41995149109efaa9059771
/var/tmp/ifconfig,2490368,0b55f0d1e09c4b8c6f9eedbda74646c9,8b26b83a5b3749c4e30a33a39820e6956d149061,417563434b851875759d320ea9358512c8bf2347f5e825fcb4e1912fe92ac33d
/etc/ifconfig,2544648,44ac72be1b4b95463bdffdbaa7a23e38,ed432dc550978e2c5664b2def5a67bb5ecd342c1,0a98b9770224d952eb964baf56bab63317519481db41995149109efaa9059771
/root/apache2,2548104,2f3ad38c0cc83cb6b2681d75bac6b358,2c00e3cd1fb43d2b3706ec522862a9752178055b,0b4529d6de10ea0db0af11587594b38e636411711c2c15ac0fd1764ac913de64
/tmp/ifconfig,2538908,9269f693c2668177ff23034468d82e87,e972fce2f95b7ece2d1222eecdc0f7de7d436d04,e45ad9247994483b5be06c404687c93e4395038799e1cd6230545b2f50728d8e
/tmp/ifconfig,2358264,a5413896aed4f30f368d30eadcb6e064,b47814e84494cc3c0679c7e98dd49b29aaf9dd13,170cb2596826a4e912c10ab115e2f41b7e7bb59fdaef95d635a841ba2c1c2ab5
/root/ifconfig,2539084,1d78c04d1301d726a94840bf4efcca66,5aaa6ba21abb669666360381981881bdb01fd745,4eac1d9da3295bb51f009ee12836446b71554a2c8f326fc0f328ed47e1b01433
/tmp/apache2,2548484,574d84fa0fc1b7be0f0b22768308d176,bc39349822910b2fcc0af83b5368d62636bba4de,46ccca2ef167df57147ed8197caf0ec0bdafd0466ff1a99b8258e93a1b8b40d3
/etc/apache2,2547160,95071466fc34061db56860331d9b0fb2,5e7f98bdc23779a86c4dfed3fa041b801b89594a,e50d1097286400479d4308a50ccb0b231165810d2008e0b1dc44c5e8b2741444
/root/apache2,2539084,1d78c04d1301d726a94840bf4efcca66,5aaa6ba21abb669666360381981881bdb01fd745,4eac1d9da3295bb51f009ee12836446b71554a2c8f326fc0f328ed47e1b01433
/var/tmp/ifconfig,2549516,734ec0f7f7097f5df2a26e5258d380d1,d1a7e845f23c8fc50d4bea26fb11dc0fdac601a9,5a9ee9e8b55ce7921538ed66ee47a086847b7822f1a1e10c259d15263df46666
/var/tmp/apache2,2548624,fa50b079bc85ee06a301342dc53b5c8f,cb4e5185b66393ab043a49bbeea8061ea0ba9826,786d4b7fe213725ec3202d12fbafb05e4a0b6a8d30d2e6f309597566559a1666
/tmp/ifconfig,2548484,574d84fa0fc1b7be0f0b22768308d176,bc39349822910b2fcc0af83b5368d62636bba4de,46ccca2ef167df57147ed8197caf0ec0bdafd0466ff1a99b8258e93a1b8b40d3
/root/php-fpm,2539084,1d78c04d1301d726a94840bf4efcca66,5aaa6ba21abb669666360381981881bdb01fd745,4eac1d9da3295bb51f009ee12836446b71554a2c8f326fc0f328ed47e1b01433
/var/tmp/apache2,2548212,5c495e9a407b2551fec34c8b6f127ab3,d43ae6ccc8e588f37a0e197e49940c792e0f65ec,585b5185bd49ce9336588a323d1e8401dec1b33ffa8839d3e3a90e1a54cfb9d6
/var/tmp/ifconfig,2539404,2cd3c5ae955692757ff694a40f482e72,0c01afaa083d6a9b681882dc88fdbab470e52c0e,2d2e58c055b3cf6bde60acda7fbd3cbd18ff7d138226d0dd7843bd575d1abac8
/etc/ifconfig,2548692,9d6cc67ace2cf0729108e3cfaeff42db,0cb786f9fde41952659b64d0e6cc80aa767ef8be,3c58d0a51b84a3eba69a4e9297a655a5bdaf729ae9fd9b740177e5713614f67e
/var/tmp/php-fpm,2533376,09829d1f507d284f1447011e41edb223,2533d4cfc1e0497a99f078d9145e1fa350b62337,a36b06343c0d4209333414cbfd61a22ae44555c1bfc934ef6e27b83a1edd0434
/root/apache2,2549516,734ec0f7f7097f5df2a26e5258d380d1,d1a7e845f23c8fc50d4bea26fb11dc0fdac601a9,5a9ee9e8b55ce7921538ed66ee47a086847b7822f1a1e10c259d15263df46666
/tmp/apache2,2539092,dfd7b7da276469df066194bf352c212e,bfc9c47b46df48bb89ecd70b5d28e8270168c18a,b386c4a925ca3cb67aa6d038bc5457394e44786103818f9f9e0ecb6a6fd55d62
/tmp/apache2,2544760,95d0095e0b1684ff130c04004394073c,d4d2434d69b42499441da3c98fbc4f5393299086,9a609c04a4cab3679a4590fcabbb522f268e177389393a5bd32d4cacd7c1c368
/tmp/ifconfig,2548692,9d6cc67ace2cf0729108e3cfaeff42db,0cb786f9fde41952659b64d0e6cc80aa767ef8be,3c58d0a51b84a3eba69a4e9297a655a5bdaf729ae9fd9b740177e5713614f67e
/root/ifconfig,2544648,44ac72be1b4b95463bdffdbaa7a23e38,ed432dc550978e2c5664b2def5a67bb5ecd342c1,0a98b9770224d952eb964baf56bab63317519481db41995149109efaa9059771
/tmp/apache2,2533376,09829d1f507d284f1447011e41edb223,2533d4cfc1e0497a99f078d9145e1fa350b62337,a36b06343c0d4209333414cbfd61a22ae44555c1bfc934ef6e27b83a1edd0434
/root/apache2,2547160,95071466fc34061db56860331d9b0fb2,5e7f98bdc23779a86c4dfed3fa041b801b89594a,e50d1097286400479d4308a50ccb0b231165810d2008e0b1dc44c5e8b2741444
/root/ifconfig,2228224,3befdb97656e922d0bad2bfbea41448a,697ac13fb2391c0d80dee313e9d69878920cbba3,36683a531173a97906980ee359f5a0039ca615beaeba1cfc904f7eee082a1155
/tmp/ifconfig,2548624,fa50b079bc85ee06a301342dc53b5c8f,cb4e5185b66393ab043a49bbeea8061ea0ba9826,786d4b7fe213725ec3202d12fbafb05e4a0b6a8d30d2e6f309597566559a1666
/tmp/apache2,2544936,db0fbd1688017159decf4562d6744808,f3da6273a91568538199fc84088d34cfdff794c1,09a7585a82c6f78f48dee1fc29b659e655aa59216ce287a602a044b082fc64c4
/tmp/php-fpm,2541420,34c86917aeb1155eb91d31919d3bdfa2,7cca4a1d3c2af2c0bcfd80321a932d6f29fff407,46527b2abe598797d9267c471db0cb3e81c708b6543a57e59d8372a2e06c922f
/root/ifconfig,2548624,fa50b079bc85ee06a301342dc53b5c8f,cb4e5185b66393ab043a49bbeea8061ea0ba9826,786d4b7fe213725ec3202d12fbafb05e4a0b6a8d30d2e6f309597566559a1666
/root/apache2,2533376,09829d1f507d284f1447011e41edb223,2533d4cfc1e0497a99f078d9145e1fa350b62337,a36b06343c0d4209333414cbfd61a22ae44555c1bfc934ef6e27b83a1edd0434
/var/tmp/apache2,2544936,db0fbd1688017159decf4562d6744808,f3da6273a91568538199fc84088d34cfdff794c1,09a7585a82c6f78f48dee1fc29b659e655aa59216ce287a602a044b082fc64c4
/etc/ifconfig,2544640,951c77d775da247a2b512806918c2702,28a6ce69ca0a1b1f39165744295ef66dc185c3ec,bb794640a5257162d8036ad2d8bb80d56bdaf60e365aa325e5e4b0cffc61f66a
/tmp/ifconfig,2544936,db0fbd1688017159decf4562d6744808,f3da6273a91568538199fc84088d34cfdff794c1,09a7585a82c6f78f48dee1fc29b659e655aa59216ce287a602a044b082fc64c4
/var/tmp/ifconfig,2548104,2f3ad38c0cc83cb6b2681d75bac6b358,2c00e3cd1fb43d2b3706ec522862a9752178055b,0b4529d6de10ea0db0af11587594b38e636411711c2c15ac0fd1764ac913de64
/tmp/ifconfig,2260992,0b321915a992209fc0588ea19d39b374,51cb151a53abf550c4ed288288b5cd583311ec58,f23895885e307654bb77f996bd8792d5b31d9f63028addb59f0c0e235f091a20
/root/apache2,2539092,dfd7b7da276469df066194bf352c212e,bfc9c47b46df48bb89ecd70b5d28e8270168c18a,b386c4a925ca3cb67aa6d038bc5457394e44786103818f9f9e0ecb6a6fd55d62
/root/apache2,2544648,44ac72be1b4b95463bdffdbaa7a23e38,ed432dc550978e2c5664b2def5a67bb5ecd342c1,0a98b9770224d952eb964baf56bab63317519481db41995149109efaa9059771
/tmp/ifconfig,2548212,5c495e9a407b2551fec34c8b6f127ab3,d43ae6ccc8e588f37a0e197e49940c792e0f65ec,585b5185bd49ce9336588a323d1e8401dec1b33ffa8839d3e3a90e1a54cfb9d6
/tmp/ifconfig,2547160,95071466fc34061db56860331d9b0fb2,5e7f98bdc23779a86c4dfed3fa041b801b89594a,e50d1097286400479d4308a50ccb0b231165810d2008e0b1dc44c5e8b2741444
/tmp/ifconfig,2544648,44ac72be1b4b95463bdffdbaa7a23e38,ed432dc550978e2c5664b2def5a67bb5ecd342c1,0a98b9770224d952eb964baf56bab63317519481db41995149109efaa9059771
/var/tmp/apache2,2539404,2cd3c5ae955692757ff694a40f482e72,0c01afaa083d6a9b681882dc88fdbab470e52c0e,2d2e58c055b3cf6bde60acda7fbd3cbd18ff7d138226d0dd7843bd575d1abac8
/var/tmp/apache2,2548484,574d84fa0fc1b7be0f0b22768308d176,bc39349822910b2fcc0af83b5368d62636bba4de,46ccca2ef167df57147ed8197caf0ec0bdafd0466ff1a99b8258e93a1b8b40d3
/root/ifconfig,2359296,af4f20d23b4d5a682f3ca547efb32d7b,9752cae467cafbda07bf21d732e2099af3c0acd4,c13b67921aa30a1bfc11724c12cc3bfa664cc7d8c2401bccee1512e3dc4a08ed
/var/tmp/apache2,2547160,95071466fc34061db56860331d9b0fb2,5e7f98bdc23779a86c4dfed3fa041b801b89594a,e50d1097286400479d4308a50ccb0b231165810d2008e0b1dc44c5e8b2741444
/var/tmp/php-fpm,2549516,734ec0f7f7097f5df2a26e5258d380d1,d1a7e845f23c8fc50d4bea26fb11dc0fdac601a9,5a9ee9e8b55ce7921538ed66ee47a086847b7822f1a1e10c259d15263df46666
/tmp/php-fpm,2539084,1d78c04d1301d726a94840bf4efcca66,5aaa6ba21abb669666360381981881bdb01fd745,4eac1d9da3295bb51f009ee12836446b71554a2c8f326fc0f328ed47e1b01433
/etc/ifconfig,2533376,09829d1f507d284f1447011e41edb223,2533d4cfc1e0497a99f078d9145e1fa350b62337,a36b06343c0d4209333414cbfd61a22ae44555c1bfc934ef6e27b83a1edd0434
/var/tmp/apache2,2541420,34c86917aeb1155eb91d31919d3bdfa2,7cca4a1d3c2af2c0bcfd80321a932d6f29fff407,46527b2abe598797d9267c471db0cb3e81c708b6543a57e59d8372a2e06c922f
/var/tmp/apache2,2549516,734ec0f7f7097f5df2a26e5258d380d1,d1a7e845f23c8fc50d4bea26fb11dc0fdac601a9,5a9ee9e8b55ce7921538ed66ee47a086847b7822f1a1e10c259d15263df46666
/tmp/php-fpm,2548484,574d84fa0fc1b7be0f0b22768308d176,bc39349822910b2fcc0af83b5368d62636bba4de,46ccca2ef167df57147ed8197caf0ec0bdafd0466ff1a99b8258e93a1b8b40d3
/tmp/apache2,2539404,2cd3c5ae955692757ff694a40f482e72,0c01afaa083d6a9b681882dc88fdbab470e52c0e,2d2e58c055b3cf6bde60acda7fbd3cbd18ff7d138226d0dd7843bd575d1abac8
/root/ifconfig,2547160,95071466fc34061db56860331d9b0fb2,5e7f98bdc23779a86c4dfed3fa041b801b89594a,e50d1097286400479d4308a50ccb0b231165810d2008e0b1dc44c5e8b2741444
/var/tmp/ifconfig,2548648,361e31a2508bb58cf23fdfd6206fa848,0fa0a0cd61d394109c6ad688915f21cde04ec10f,7d9766ea62e57513954602b8b59c091a41ebe2aa54507c6b71a0d847798fd4e8
/var/tmp/apache2,2548648,361e31a2508bb58cf23fdfd6206fa848,0fa0a0cd61d394109c6ad688915f21cde04ec10f,7d9766ea62e57513954602b8b59c091a41ebe2aa54507c6b71a0d847798fd4e8
/etc/apache2,2548212,5c495e9a407b2551fec34c8b6f127ab3,d43ae6ccc8e588f37a0e197e49940c792e0f65ec,585b5185bd49ce9336588a323d1e8401dec1b33ffa8839d3e3a90e1a54cfb9d6
/root/php-fpm,2533376,09829d1f507d284f1447011e41edb223,2533d4cfc1e0497a99f078d9145e1fa350b62337,a36b06343c0d4209333414cbfd61a22ae44555c1bfc934ef6e27b83a1edd0434
/etc/ifconfig,2541420,34c86917aeb1155eb91d31919d3bdfa2,7cca4a1d3c2af2c0bcfd80321a932d6f29fff407,46527b2abe598797d9267c471db0cb3e81c708b6543a57e59d8372a2e06c922f
/tmp/apache2,2548692,9d6cc67ace2cf0729108e3cfaeff42db,0cb786f9fde41952659b64d0e6cc80aa767ef8be,3c58d0a51b84a3eba69a4e9297a655a5bdaf729ae9fd9b740177e5713614f67e
/root/apache2,2538908,9269f693c2668177ff23034468d82e87,e972fce2f95b7ece2d1222eecdc0f7de7d436d04,e45ad9247994483b5be06c404687c93e4395038799e1cd6230545b2f50728d8e
/var/tmp/apache2,2539092,dfd7b7da276469df066194bf352c212e,bfc9c47b46df48bb89ecd70b5d28e8270168c18a,b386c4a925ca3cb67aa6d038bc5457394e44786103818f9f9e0ecb6a6fd55d62
/tmp/ifconfig,2352700,4d3d55457f69e587b585bfa3891602fa,b0e7accbdc82028eb9709606b543d155e3bb9efa,d2251383cfc9b5d3fc53e24d8a20a620f7dfcc7bdfdfb20cc088506e2bbc16e2
/var/tmp/apache2,2544640,951c77d775da247a2b512806918c2702,28a6ce69ca0a1b1f39165744295ef66dc185c3ec,bb794640a5257162d8036ad2d8bb80d56bdaf60e365aa325e5e4b0cffc61f66a
/etc/apache2,2549516,734ec0f7f7097f5df2a26e5258d380d1,d1a7e845f23c8fc50d4bea26fb11dc0fdac601a9,5a9ee9e8b55ce7921538ed66ee47a086847b7822f1a1e10c259d15263df46666
/root/php-fpm,2548692,9d6cc67ace2cf0729108e3cfaeff42db,0cb786f9fde41952659b64d0e6cc80aa767ef8be,3c58d0a51b84a3eba69a4e9297a655a5bdaf729ae9fd9b740177e5713614f67e
/etc/apache2,2544648,44ac72be1b4b95463bdffdbaa7a23e38,ed432dc550978e2c5664b2def5a67bb5ecd342c1,0a98b9770224d952eb964baf56bab63317519481db41995149109efaa9059771
/var/tmp/php-fpm,2548692,9d6cc67ace2cf0729108e3cfaeff42db,0cb786f9fde41952659b64d0e6cc80aa767ef8be,3c58d0a51b84a3eba69a4e9297a655a5bdaf729ae9fd9b740177e5713614f67e
/var/tmp/apache2,2548692,9d6cc67ace2cf0729108e3cfaeff42db,0cb786f9fde41952659b64d0e6cc80aa767ef8be,3c58d0a51b84a3eba69a4e9297a655a5bdaf729ae9fd9b740177e5713614f67e
/root/ifconfig,2392064,f81e328e99ed8aa0dcd1b6773c1fec45,47a80e8808a9722bf6bf477f383665749c3c4800,407e5f71181d3c19d8c45d16cf8f6324e136793758d5d95d40bd40d8da674727
/var/tmp/apache2,2544760,95d0095e0b1684ff130c04004394073c,d4d2434d69b42499441da3c98fbc4f5393299086,9a609c04a4cab3679a4590fcabbb522f268e177389393a5bd32d4cacd7c1c368
/tmp/php-fpm,2549516,734ec0f7f7097f5df2a26e5258d380d1,d1a7e845f23c8fc50d4bea26fb11dc0fdac601a9,5a9ee9e8b55ce7921538ed66ee47a086847b7822f1a1e10c259d15263df46666
/etc/ifconfig,2547160,95071466fc34061db56860331d9b0fb2,5e7f98bdc23779a86c4dfed3fa041b801b89594a,e50d1097286400479d4308a50ccb0b231165810d2008e0b1dc44c5e8b2741444
